[{
  "_id": {
    "$oid": "60f8064b49fb322dcc2c6229"
  },
  "username": "acosic",
  "password": "$2y$12$u7zGf0dHOm9S/lKPZO0KkOx/bbsYgobInMBz16xFCFN8Ncfxn/1MS",
  "roles": [
    "60f8053f49fb322dcc2c6225",
    "60f8053f49fb322dcc2c6226"
  ],
  "name": "Antonijo Ćosić"
},{
  "_id": {
    "$oid": "60f8064b49fb322dcc2c622a"
  },
  "username": "gost",
  "password": "$2y$12$3CNJSfscq9yZaowC458jY.dpgRw9Gi8uH8zoeCOuv.NkkXNg/9sIC",
  "roles": [
    "60f8053f49fb322dcc2c6225",
    "60f8053f49fb322dcc2c6226"
  ],
  "name": "gost"
},{
  "_id": {
    "$oid": "60f92d45cdaee62458b5009d"
  },
  "roles": [
    {
      "$oid": "60f8053f49fb322dcc2c6225"
    },
    {
      "$oid": "60f8053f49fb322dcc2c6226"
    }
  ],
  "username": "user1",
  "password": "$2a$07$lNM5byyzWvFCZMf74pwaeeqWZrtAYIayX7.Vvk90Uh0k8o2b8jcza",
  "__v": 1
},{
  "_id": {
    "$oid": "60f92d79cdaee62458b500a3"
  },
  "roles": [
    {
      "$oid": "60f8053f49fb322dcc2c6226"
    }
  ],
  "username": "user2",
  "password": "$2a$07$DEG6J6SyxXAAJpPrrIMUS.C/1bsrhtF9nHFEcGi3FI.gjPRiDVJN.",
  "__v": 1
},{
  "_id": {
    "$oid": "60f93030cdaee62458b500b0"
  },
  "roles": [
    {
      "$oid": "60f8053f49fb322dcc2c6225"
    }
  ],
  "username": "finatest",
  "password": "$2a$07$5mgFbhypzqnmlFYltQw8D.XmFNTF3D0e9cTnPnWl.raxAZf7stS7m",
  "__v": 1
}]