[{
  "_id": 1,
  "kategorija": "1",
  "naslov": "Pilić: Zašto zapad ne voli Đokovića? Sjetite se one fotke s Pavićem i Mektićem",
  "datum": {
    "$date": "2021-07-13T11:34:42.317Z"
  },
  "user": 1,
  "tekst_kratki": "OSVAJANJEM Wimbledona Novak Đoković došao je do jednakog broja Grand Slamova kao i Roger Federer i Rafael Nadal. Sva trojica ih imaju po 20. ",
  "tekst_full": "Nema tu 'možda'. Čekao sam pune tri godine da napokon to mogu naglas reći. Još od 2018. su me novinari iz cijelog svijeta zvali i pitali isto to pitanje. To su me pitanje pitali barem 50 puta. Stalno sam odbijao to kazati jer sam smatrao da nije došlo vrijeme. Imao je manje Grand Slam titula, imao je manje tjedana na vrhu ljestvice, ali sad se sve promijenilo. Novak je i službeno najveći tenisač u povijesti, kazao nam je jedan od najvećih svjetskih trenera, Nikola Pilić, koji je dao argumente zašto tako misli. Novak je jedini igrač ove generacije koji je dva puta osvojio sva četiri Grand Slama. Ima pozitivan omjer sa svim top igračima. Ima najviše osvojenih turnira iz Super 9 serije. Na vrhu je 360 tjedana, znate li vi koliko je to godina? Tko će stići taj rekord? Nitko. Premda sam i ranije smatrao da je najveći, nisam to htio potencirati da me ne bi optužili da sam subjektivan jer smo Novak i ja prisni. No danas nikakve sumnje više nema. Novak Đoković je najveći tenisač koji se ikad pojavio. Naravno da ne želim umanjiti vrijednost jednog Federera ili Nadala, koji je Roland Garros osvajao čak 13 puta. To je Mount Everest u tenisu, ali Đoković je dokazao da je ipak klasa iznad. Premda je godinama u samom vrhu, Đoković baš i nije pretjerano omiljen među navijačima. Iako je čak šest puta osvajao Wimbledon, navijači ga tamo ne vole. Mnogi će reći da je u pitanju njegov karakter. Pitali smo Pilića što misli o tome."
},{
  "_id": 2,
  "kategorija": "1",
  "naslov": "Pilić: Zašto zapad ne voli Đokovića? Sjetite se one fotke s Pavićem i Mektićem",
  "user": 2,
  "tekst_kratki": "OSVAJANJEM Wimbledona Novak Đoković došao je do jednakog broja Grand Slamova kao i Roger Federer i Rafael Nadal. Sva trojica ih imaju po 20. ",
  "tekst_full": "Nema tu 'možda'. Čekao sam pune tri godine da napokon to mogu naglas reći. Još od 2018. su me novinari iz cijelog svijeta zvali i pitali isto to pitanje. To su me pitanje pitali barem 50 puta. Stalno sam odbijao to kazati jer sam smatrao da nije došlo vrijeme. Imao je manje Grand Slam titula, imao je manje tjedana na vrhu ljestvice, ali sad se sve promijenilo. Novak je i službeno najveći tenisač u povijesti, kazao nam je jedan od najvećih svjetskih trenera, Nikola Pilić, koji je dao argumente zašto tako misli. Novak je jedini igrač ove generacije koji je dva puta osvojio sva četiri Grand Slama. Ima pozitivan omjer sa svim top igračima. Ima najviše osvojenih turnira iz Super 9 serije.",
  "__v": 0,
  "datum": "Tue Jul 13 2021 13:34:42 GMT+0200 (srednjoeuropsko ljetno vrijeme)"
}]